"bic","no.param","treatment"
713.871870024178,4,1
456.747590961381,4,2
1238.9765818093,4,3
577.028784071011,4,4
