"bic","no.param","treatment"
344.587735602686,2,1
360.713301256493,2,2
586.235576238488,2,3
380.309869799734,2,4
