"bic","no.param","treatment"
440.778539490188,4,1
434.740303374097,4,2
527.785333986259,4,3
416.888909838417,4,4
