"bic","no.param","treatment"
517.701657553769,4,1
422.71340939121,4,2
503.096153403366,4,3
410.437987475447,4,4
